question,document
What happens during a 34% attack in a blockchain network?,4c1e419c
How can an entity disrupt a blockchain with a 34% attack?,4c1e419c
Why is controlling more than 34% of a network power significant in Proof-of-Stake systems?,4c1e419c
What happens when an entity achieves a 51% attack on a blockchain network?,078e9f04
How can controlling over 50% of mining power affect a blockchain's integrity?,078e9f04
What are the potential consequences of a 51% attack for coin transactions?,078e9f04
What is the primary function of the Aave protocol?,9afbd80e
Can you explain what a flash loan is in the context of Aave?,9afbd80e
How does Aave enable users to earn interest on their deposited cryptocurrencies?,9afbd80e
What are Aavegotchis and how do they relate to decentralized finance?,f427b58e
How can users earn rewards in the Aavegotchi game?,f427b58e
What unique features can users customize in their Aavegotchis?,f427b58e
What is the purpose of an airdrop in the cryptocurrency space?,1ab0643e
How do I qualify to receive tokens during an airdrop event?,1ab0643e
What criteria do recipients need to meet to be part of an airdrop?,1ab0643e
What is the primary function of Akash Network in the cloud computing space?,50a11380
How does Akash Network differ from traditional cloud providers like AWS?,50a11380
What role does the AKT token play within the Akash Network?,50a11380
What mechanism does Algorand use to achieve decentralization and security?,76dce9ae
What are some of the primary uses of the ALGO cryptocurrency?,76dce9ae
How does Algorand aim to support decentralized applications and finance?,76dce9ae
What are Algorand Smart Contracts and what makes them unique?,bc59adb5
In which programming language are ASC1 contracts written?,bc59adb5
Why are Algorand Smart Contracts considered a good choice for dApps and financial transactions?,bc59adb5
What is the primary focus of Alpha Homora in the decentralized finance space?,5be8dbc6
How does Alpha Homora allow users to increase their returns when participating in liquidity pools?,5be8dbc6
What additional services does Alpha Homora provide besides leveraged yield farming?,5be8dbc6
What are the main purposes of Altcoins compared to Bitcoin?,a3edc75b
Can you give me some examples of Altcoins and their unique features?,a3edc75b
How do Altcoins improve upon Bitcoin's limitations like scalability and privacy?,a3edc75b
What type of blockchain does Anchor Protocol operate on?,dfb36789
How does Anchor Protocol generate returns for depositors?,dfb36789
What type of collateral do borrowers use in Anchor Protocol?,dfb36789
What is Ankr and what services does it provide for developers?,1e02a3b8
How does Ankr make cloud computing resources affordable?,1e02a3b8
What are the main uses of the ANKR token within its ecosystem?,1e02a3b8
What is the main function of Aragon as a platform within the cryptocurrency space?,b5f758a6
How does the ANT token contribute to the governance of the Aragon ecosystem?,b5f758a6
What are some of the primary tools that Aragon provides for managing decentralized autonomous organizations?,b5f758a6
What does arbitrage trading mean in the context of cryptocurrencies?,386fd21a
How do traders profit from arbitrage trading in different markets?,386fd21a
Can arbitrage trading be considered a low-risk investment strategy in crypto?,386fd21a
What is the primary purpose of the Arweave protocol?,78462cbd
How does Arweave ensure that data remains accessible and persistent over time?,78462cbd
What is the unique technology that Arweave uses for data storage?,78462cbd
What is the main benefit of using an atomic cross-chain swap for exchanging cryptocurrencies?,a663cd4a
How does the atomic feature of a cross-chain swap ensure transaction reliability?,a663cd4a
Is a third party required for conducting an atomic cross-chain swap between different blockchains?,a663cd4a
What is an atomic swap in the context of cryptocurrencies?,74e61101
How do atomic swaps facilitate exchanges between different blockchains?,74e61101
In what way do smart contracts contribute to the security of atomic swaps?,74e61101
What types of cryptocurrencies can I store in Atomic Wallet?,559a1c6e
Does Atomic Wallet allow me to exchange coins without a central authority?,559a1c6e
How does Atomic Wallet ensure the security of my private keys?,559a1c6e
What is an auction in the context of cryptocurrencies?,97e3ac74
What types of auctions are used for selling digital assets like NFTs?,97e3ac74
How does competitive bidding work in an auction format?,97e3ac74
What role do algorithms play in Automated Market Makers?,183b5a65
How do Automated Market Makers maintain market liquidity without an order book?,183b5a65
Can you explain how liquidity pools are used in Automated Market Makers?,183b5a65
What is the primary purpose of the Avalanche blockchain platform?,84226f2b
How does Avalanche achieve high performance and scalability?,84226f2b
Can I create my own blockchain on Avalanche and connect it with other networks?,84226f2b
What are the main activities players can do in Axie Infinity?,af2c7c88
How do players earn cryptocurrency while playing Axie Infinity?,af2c7c88
What kind of creatures do players collect and battle in Axie Infinity?,af2c7c88
What is the main focus of Badger DAO in the decentralized finance space?,79bfff8e
How does Badger DAO enable the use of Bitcoin in the DeFi ecosystem?,79bfff8e
What role does the BADGER token play within Badger DAO?,79bfff8e
What features does Balancer offer that differentiate it from traditional exchanges?,e67a2343
How does Balancer enable users to manage their portfolios effectively?,e67a2343
Can you explain what is meant by creating custom liquidity pools in Balancer?,e67a2343
What is BEP-20 and how does it relate to Binance Smart Chain?,0ae68835
In what ways is BEP-20 similar to Ethereum's ERC-20?,0ae68835
What can BEP-20 tokens be used for on the Binance Smart Chain network?,0ae68835
What is BEP-721 and what does it facilitate on Binance Smart Chain?,892fc1b9
How does BEP-721 differentiate non-fungible tokens from fungible ones?,892fc1b9
What guidelines does BEP-721 provide for managing unique digital assets?,892fc1b9
What is Binance Coin and how did it start in the cryptocurrency space?,684e1f51
In what ways can Binance Coin be utilized within the Binance platform?,684e1f51
What blockchain does Binance Coin operate on after its initial launch as an ERC-20 token?,684e1f51
What is the main purpose of Binance Smart Chain?,a115a359
How does Binance Smart Chain support decentralized applications?,a115a359
In what way is Binance Smart Chain compatible with Ethereum?,a115a359
What is the relationship between Binance USD and the U.S. dollar?,eeb90aa7
Who issued Binance USD and in collaboration with whom?,eeb90aa7
What approvals does Binance USD have regarding its regulation?,eeb90aa7
What is the main feature that allows Bitcoin to facilitate peer-to-peer transactions?,5c663a6e
Who created Bitcoin and in which year was it introduced?,5c663a6e
How does Bitcoin maintain security and validate transactions on its network?,5c663a6e
What is BitGo and who is it designed for?,515e6fa3
How does BitGo enhance security for digital assets?,515e6fa3
What type of services does BitGo offer to institutional investors?,515e6fa3
What is the primary function of a block explorer in blockchain technology?,131e7285
How can a block explorer help me verify my cryptocurrency transactions?,131e7285
What types of data can I find when using a block explorer?,131e7285
What does block finalization mean in the context of blockchain technology?,87a5db95
How does block finalization affect the immutability of transactions on a blockchain?,87a5db95
What happens to a block once it is finalized and added to the blockchain?,87a5db95
What is the purpose of a block reward in the blockchain ecosystem?,89e96d2d
What do miners or validators receive as part of the block reward?,89e96d2d
How does the block reward motivate participants in securing the blockchain?,89e96d2d
What does block time refer to in blockchain technology?,21d33efb
How does block time impact transaction processing speed?,21d33efb
In what way does block time affect network efficiency?,21d33efb
What does it mean for a blockchain to be decentralized and distributed?,4462aa17
How does blockchain achieve data security and ensure transparency?,4462aa17
Why is the irreversibility of blockchain data significant for decentralized applications?,4462aa17
What does it mean to bond assets in the context of blockchain and DeFi?,ab9472eb
Can you explain how staking tokens is related to the bonding process?,ab9472eb
What kind of rewards can users expect from bonding their assets in a network?,ab9472eb
What features make Brave Browser privacy-focused compared to other browsers?,46b60d10
How does Brave Browser allow users to earn rewards while using the platform?,46b60d10
What is the Basic Attention Token (BAT) and how does it relate to Brave Browser?,46b60d10
What does bridging mean in the context of blockchain networks?,91f390bf
How does bridging improve interactions between different blockchains?,91f390bf
What benefits does bridging provide for decentralized applications?,91f390bf
What is the purpose of a burn address in cryptocurrency?,398b2a9f
How does sending tokens to a burn address affect the total supply of a cryptocurrency?,398b2a9f
Can using a burn address increase the value of remaining tokens?,398b2a9f
What is the purpose of a burn mechanism in cryptocurrency?,27d3a2bd
How does sending tokens to a burn address affect the token's supply?,27d3a2bd
In what ways can a burn mechanism influence the value of a cryptocurrency token?,27d3a2bd
What is the significance of Byzantine Fault Tolerance in distributed systems?,6215fff7
How does Byzantine Fault Tolerance contribute to the security of blockchain networks?,6215fff7
Can Byzantine Fault Tolerance still function if some participants act maliciously?,6215fff7
What is the Byzantine Generals Problem in the context of decentralized systems?,82907989
How does the Byzantine Generals Problem relate to blockchain consensus mechanisms like Proof of Work?,82907989
Why is reaching consensus challenging according to the Byzantine Generals Problem?,82907989
Who founded the Cardano blockchain platform?,840a875c
What consensus mechanism does Cardano use for its transactions?,840a875c
How does Cardano's architecture contribute to its scalability and sustainability?,840a875c
What is a centralized exchange and how does it facilitate cryptocurrency trading?,d7582249
What are the benefits of using a centralized exchange compared to other trading methods?,d7582249
Why do users need to trust the central authority when using a centralized exchange?,d7582249
What is the purpose of chain reorganization in a blockchain network?,11bb594b
How does chain reorganization affect the integrity of the blockchain?,11bb594b
What causes a blockchain to undergo a chain reorganization?,11bb594b
What is the primary function of Chainlink in the context of blockchain technology?,acbf6258
How does Chainlink ensure that data sources are reliable and tamper-proof?,acbf6258
In which sectors besides decentralized finance is Chainlink utilized for real-world data?,acbf6258
What is the primary function of Chainlink Keepers in the blockchain ecosystem?,75405e38
How do Chainlink Keepers improve the execution of smart contracts?,75405e38
In what situations would one typically use Chainlink Keepers for automation?,75405e38
What is the purpose of Chainlink VRF in smart contracts?,856f9cb2
How does Chainlink VRF ensure the security of random number generation?,856f9cb2
In what scenarios is Chainlink VRF particularly useful for developers?,856f9cb2
What is the primary consensus mechanism used by Chia and how does it differ from traditional mining?,e2651334
How does Chia utilize hard drive space in securing its network?,e2651334
What role does the XCH token play within the Chia blockchain platform?,e2651334
What type of wallet is Coinbase Wallet and who developed it?,8718d1c5
Which cryptocurrencies can be stored in the Coinbase Wallet?,8718d1c5
What features does Coinbase Wallet offer for managing digital assets?,8718d1c5
What types of cryptocurrencies does Coinomi Wallet support?,598d76f0
How does Coinomi Wallet handle user privacy and data security?,598d76f0
Can I use Coinomi Wallet on both mobile and desktop devices?,598d76f0
What does cold storage mean in relation to cryptocurrency security?,55d5bb57
What are some methods used for implementing cold storage?,55d5bb57
Why is cold storage considered safer than online wallets?,55d5bb57
What exactly is a cold wallet in the context of cryptocurrency?,105f9e35
How does a cold wallet enhance the security of my digital assets?,105f9e35
What types of cold wallets are commonly used for long-term storage?,105f9e35
What happens to the collateral in a collateralized debt position if the loan is not repaid?,420c6c59
How does a collateralized debt position ensure the stability of a DeFi protocol?,420c6c59
What is required to initiate a collateralized debt position in DeFi?,420c6c59
What is the main purpose of the Colony framework in terms of organizational governance?,12635f68
How does Colony ensure that decision-making and resource allocation are handled?,12635f68
What system does Colony use to determine voting power and rewards among its members?,12635f68
What is the primary function of the Compound protocol in the DeFi space?,951dcc4a
How do users earn interest on their crypto assets within Compound?,951dcc4a
What role do smart contracts play in the Compound lending process?,951dcc4a
What is the purpose of a consensus mechanism in blockchain networks?,e2818a96
Can you give examples of consensus mechanisms used in blockchain technology?,e2818a96
How do consensus mechanisms contribute to network security and prevent double-spending?,e2818a96
What is the primary goal of the Cosmos network?,7567140e
How do blockchains in the Cosmos ecosystem communicate with each other?,7567140e
What does the term 'Internet of Blockchains' refer to in the context of Cosmos?,7567140e
What are the main functions of Cream Finance in the DeFi space?,ebb8de18
Can I use both stablecoins and altcoins on Cream Finance for lending and borrowing?,ebb8de18
"Does Cream Finance offer any incentives for users, such as liquidity mining?",ebb8de18
What is a cross-chain bridge and how does it transfer assets between blockchains?,02487f1d
How does a cross-chain bridge enhance interoperability in blockchain networks?,02487f1d
Can you explain how users interact with dApps using a cross-chain bridge?,02487f1d
What are cross-chain liquidity protocols and what purpose do they serve in the DeFi ecosystem?,f0d5bccb
Can you explain how cross-chain liquidity helps in decentralized trading and asset transfers across different blockchains?,f0d5bccb
"What are some examples of cross-chain liquidity protocols, and how do they function without centralized intermediaries?",f0d5bccb
What role do economic incentives play in decentralized blockchain systems?,1501af7a
How do network participants like miners and validators maintain protocol integrity?,1501af7a
In what ways does cryptoeconomics promote fair rewards for participants in blockchain networks?,1501af7a
What is the primary focus of Curve in the DeFi space?,c64ef001
How does Curve achieve low-slippage swaps between stablecoins?,c64ef001
What technology does Curve use to facilitate efficient trading?,c64ef001
What is the purpose of the Curve DAO Token (CRV) in the governance of Curve Finance?,95eef697
How does Curve Finance optimize yield farming opportunities for its users?,95eef697
What types of assets does Curve specialize in for its liquidity pools?,95eef697
What is a custodial wallet and who manages it?,3285b942
What responsibilities does a custodial wallet place on the user?,3285b942
What are the benefits and risks of using a custodial wallet?,3285b942
What kind of coin is DAI and who issues it?,538cb22c
How does DAI maintain its value in relation to the US dollar?,538cb22c
In what types of applications is DAI commonly utilized within the DeFi space?,538cb22c
What is the role of governance tokens in the DAO voting process?,53b62c96
How do members influence decisions within a Decentralized Autonomous Organization?,53b62c96
Can you explain how the voting process works in a DAO?,53b62c96
What are the main features of Dash that enhance its payment capabilities?,9e30d7c6
How is Dash different from Bitcoin in terms of its structure?,9e30d7c6
What roles do miners and master nodes play in the Dash network?,9e30d7c6
What does a debt token represent in a DeFi protocol?,bf441ae1
How does a debt token help creditors manage their claims?,bf441ae1
Can a debt token be used to transfer or liquidate debt positions?,bf441ae1
What can users buy and do in Decentraland?,ab265f0b
How does Decentraland utilize the Ethereum blockchain?,ab265f0b
What types of activities can users participate in on this platform?,ab265f0b
What does decentralization mean in the context of blockchain and cryptocurrency?,cea9a36d
How does decentralization contribute to security and transparency in a network?,cea9a36d
Why is decentralization important for the resilience of a cryptocurrency system?,cea9a36d
What is the role of governance tokens in a Decentralized Autonomous Organization?,2e36b5db
How does a Decentralized Autonomous Organization ensure transparent decision-making?,2e36b5db
What distinguishes a Decentralized Autonomous Organization from traditional organizations in terms of control?,2e36b5db
What does it mean for a decentralized exchange to operate without a central authority?,5a680a8e
How do smart contracts enhance the security of trades on a DEX?,5a680a8e
What are the key benefits of trading directly with other users on a DEX?,5a680a8e
What are the main characteristics of Decentralized Finance (DeFi) that differentiate it from traditional finance?,1c88180b
How does DeFi utilize smart contracts within its platforms for services like lending and borrowing?,1c88180b
What is the primary goal of DeFi in relation to access to financial products and services?,1c88180b
What is the main function of delegates in Delegated Proof of Stake?,358c7555
How does Delegated Proof of Stake improve upon traditional Proof of Stake?,358c7555
What benefits does DPoS offer in terms of transaction validation speed and efficiency?,358c7555
What is the role of delegators in a blockchain network?,9bdab045
How do delegators contribute to network security?,9bdab045
What benefits do delegators receive from assigning their voting power?,9bdab045
What is DFINITY and what platform does it support?,89c95528
How does DFINITY aim to change the traditional internet infrastructure?,89c95528
What token is associated with DFINITY and its applications?,89c95528
What types of items are considered digital assets?,254e7b24
How are digital assets managed and transferred?,254e7b24
Can digital assets be utilized in different digital ecosystems?,254e7b24
What does digital identity represent in the online world?,a998025b
How does digital identity help users manage their online presence?,a998025b
What are the main components included in a digital identity?,a998025b
What is the main advantage of using a Directed Acyclic Graph (DAG) in blockchain technology?,891e4fa3
How does a DAG differ from traditional blockchains in terms of transaction processing?,891e4fa3
Can you explain how transactions are confirmed in a Directed Acyclic Graph?,891e4fa3
What is the origin of Dogecoin and how did it start?,180e0f80
In what ways is Dogecoin commonly used by its community?,180e0f80
How does Dogecoin's consensus mechanism compare to that of Bitcoin?,180e0f80
What is the meaning of double spend in the context of cryptocurrencies?,a2932b09
How does double spending affect the integrity of a blockchain's transaction history?,a2932b09
Why is double spending considered a security threat in cryptocurrency transactions?,a2932b09
What is the purpose of a dust attack in the context of cryptocurrency?,64af13e5
How do dust attacks affect a user's transaction privacy?,64af13e5
What kind of information can attackers gather through a dust attack?,64af13e5
What is the main objective of an eclipse attack in a blockchain?,6d6d0f4f
How does an attacker achieve control over a target node during an eclipse attack?,6d6d0f4f
What types of malicious activities can result from an eclipse attack on a blockchain network?,6d6d0f4f
What is the main purpose of EIP-1559 in the Ethereum network?,40570d9f
How does EIP-1559 affect Ethereum transaction fees?,40570d9f
What happens to a portion of the fees collected under EIP-1559?,40570d9f
What are the main features of Electrum Wallet that make it different from other wallets?,e4448549
How does Electrum Wallet enhance security for long-term Bitcoin storage?,e4448549
Can I use Electrum Wallet for managing transactions without downloading the full Bitcoin blockchain?,e4448549
What is the main purpose of the Enigma protocol in the context of cryptocurrencies?,92adce1a
How does Enigma ensure the confidentiality of smart contract execution?,92adce1a
What role does the ENG token play within the Enigma network?,92adce1a
What is the role of Enjin Coin in supporting NFTs within the Enjin platform?,044f661c
How does Enjin Coin facilitate the creation and trading of in-game assets?,044f661c
In what ways does Enjin Coin benefit developers and players in the gaming ecosystem?,044f661c
What is the primary purpose of the EOS platform in the blockchain space?,cbc7e132
How does EOS address issues related to transaction speed and costs?,cbc7e132
"What consensus mechanism does EOS use, and how does it benefit dApp developers?",cbc7e132
What is the main purpose of the ERC-20 standard in the Ethereum blockchain?,4f0f0291
How do ERC-20 tokens ensure compatibility with decentralized applications?,4f0f0291
What are the key rules that govern the issuance and transfer of ERC-20 tokens?,4f0f0291
What distinguishes ERC-721 tokens from ERC-20 tokens in terms of their characteristics?,886bd2ce
How do ERC-721 tokens contribute to the concept of digital scarcity?,886bd2ce
What types of assets can be represented by ERC-721 non-fungible tokens?,886bd2ce
What is the main function of Ethereum in the blockchain space?,ca09e41c
How does Ethereum support decentralized finance and non-fungible tokens?,ca09e41c
What is the native currency of Ethereum and what is its role?,ca09e41c
What is Etherscan and what purpose does it serve for Ethereum users?,c16d2694
How does Etherscan enhance transparency in Ethereum transactions?,c16d2694
Can Etherscan be used to track smart contracts on the Ethereum network?,c16d2694
What is an evil maid attack and how does it relate to physical security?,69166916
In what situations is a device most vulnerable to an evil maid attack?,69166916
What kind of actions can an attacker perform during an evil maid attack on a hardware wallet?,69166916
What happens to investor funds during an exit scam in a cryptocurrency project?,f8b0ecd4
How do developers typically execute an exit scam after an ICO?,f8b0ecd4
What financial impact can an exit scam have on users involved in a fraudulent cryptocurrency platform?,f8b0ecd4
What types of cryptocurrencies can I store in Exodus Wallet?,0c5eb6e6
Does Exodus Wallet allow me to swap tokens within the app?,0c5eb6e6
Is Exodus Wallet a custodial or non-custodial wallet?,0c5eb6e6
What is Fantom and what are its primary applications in the blockchain space?,df41d1c9
How does the Lachesis consensus mechanism improve transaction finality on the Fantom platform?,df41d1c9
What advantages does Fantom offer in terms of fees and security compared to other blockchain platforms?,df41d1c9
What is the primary purpose of Filecoin in the context of data storage?,6aefb77c
How does Filecoin incentivize users to participate in the storage network?,6aefb77c
What underlying technology is Filecoin built on?,6aefb77c
What does finality mean in the context of blockchain transactions?,7e3ce362
How does strong finality contribute to the security of a blockchain?,7e3ce362
Why is it important that a confirmed block becomes a permanent part of the ledger?,7e3ce362
What is the main strategy behind flash arbitrage in cryptocurrency trading?,aa8860bd
How do traders typically execute flash arbitrage to take advantage of price discrepancies?,aa8860bd
Why is speed important in the execution of flash arbitrage trades?,aa8860bd
What causes a flash crash in the cryptocurrency market?,8f806362
How quickly does a flash crash typically happen?,8f806362
What are the potential consequences of a flash crash for investors?,8f806362
What is a flash loan in the context of decentralized finance?,ff0d1c91
How is a flash loan different from traditional loans regarding collateral?,ff0d1c91
What are some typical use cases for flash loans in the DeFi ecosystem?,ff0d1c91
What are flash loans and how are they typically provided by DeFi platforms?,04935b02
In what ways can attackers utilize flash loan attacks to exploit smart contracts?,04935b02
What kind of financial impacts can result from a flash loan attack on a DeFi protocol?,04935b02
What are the main goals of Flashbots in the context of Ethereum trading?,7a645aea
How does Flashbots aim to improve transaction processing for users?,7a645aea
What issues in high-frequency trading does Flashbots specifically address?,7a645aea
What is the purpose of Flashbots Auction in the cryptocurrency market?,a815e473
How does Flashbots Auction help in reducing front-running issues?,a815e473
In what way does Flashbots Auction improve transaction execution for traders?,a815e473
What is the purpose of Flashbots MEV in the context of miners and their transaction processes?,fd68c3f8
How does Flashbots MEV help in reducing risks associated with Miner Extractable Value?,fd68c3f8
Can you explain the specific risks like front-running and sandwich attacks that Flashbots MEV aims to mitigate?,fd68c3f8
What does floor price mean in the context of NFTs or digital assets?,00647bfd
How can floor price be used as a benchmark for asset value?,00647bfd
Is the floor price the same across different marketplaces for the same collection?,00647bfd
What is a fork in the context of blockchain technology?,75c21a36
Can you explain the difference between a hard fork and a soft fork?,75c21a36
How does a fork impact the existing blockchain and its users?,75c21a36
What is the role of a full node in a blockchain network?,44af59e0
How does a full node contribute to the security of a decentralized network?,44af59e0
What does it mean for a full node to fully enforce the rules of the protocol?,44af59e0
What is the purpose of the funding rate in perpetual contract markets?,e53194b9
How does a positive funding rate affect traders in a market?,e53194b9
In what situation do long traders pay short traders regarding the funding rate?,e53194b9
What exactly is a futures contract in the context of trading?,ba8ed1a2
How do traders use futures contracts to hedge against price volatility?,ba8ed1a2
In what ways can futures trading be advantageous for speculation in cryptocurrencies?,ba8ed1a2
What are the benefits of owning in-game assets as NFTs on Gala Games?,87abd7e4
How does the play-to-earn mechanism work within the Gala Games ecosystem?,87abd7e4
What role does the GALA token play in the Gala Games platform?,87abd7e4
What does GameFi allow players to earn through gameplay?,14995089
How does GameFi integrate elements of cryptocurrency and NFTs?,14995089
What kind of ecosystem does GameFi create for in-game activities?,14995089
What is the purpose of a gas fee in a blockchain network like Ethereum?,41ff713a
How do users pay gas fees when performing operations on the blockchain?,41ff713a
Who receives the gas fees collected from users on the network?,41ff713a
What is the gas limit in Ethereum transactions?,fd5be88b
How does the gas limit help manage network resources?,fd5be88b
Why is it important for transactions to have a gas limit?,fd5be88b
What is a gas optimizer and its purpose in blockchain transactions?,7c099f8f
How does a gas optimizer help in reducing gas fees specifically?,7c099f8f
In what ways can a gas optimizer improve the cost-effectiveness of executing smart contracts?,7c099f8f
What is the main purpose of a gas oracle in Ethereum transactions?,883bc6aa
How does a gas oracle help users avoid overpaying for gas fees?,883bc6aa
What factors do gas oracles consider when predicting gas prices?,883bc6aa
What does the gas price refer to in cryptocurrency transactions?,918d0868
How does gas price affect transaction processing on a blockchain?,918d0868
What factors influence the speed and priority of processing transactions in a blockchain network?,918d0868
What are gas wars in the context of blockchain transactions?,991eee31
How do gas wars affect the cost of transaction fees?,991eee31
What happens to the blockchain network during gas wars?,991eee31
What are gasless transactions in the context of blockchain?,3a3aec55
How are gas fees handled in gasless transactions?,3a3aec55
Can you explain how meta-transactions contribute to gasless transactions?,3a3aec55
What is a Gnosis Safe and how does it operate?,2cb89d7a
Why is Gnosis Safe popular in DAOs for managing funds?,2cb89d7a
How does the multi-signature feature of Gnosis Safe enhance security?,2cb89d7a
What is a governance proposal in the context of blockchain?,6806e3eb
Who can submit a governance proposal and how does it get approved?,6806e3eb
What process does a governance proposal go through after it is submitted?,6806e3eb
What are governance tokens and what role do they play in decentralized finance?,51b93416
How do governance tokens empower users in decentralized protocols?,51b93416
Can you give examples of governance tokens used in decentralized autonomous organizations?,51b93416
What is Guarda Wallet and how does it store cryptocurrencies?,84b5faf4
"Can I exchange cryptocurrencies using Guarda Wallet, and what types does it support?",84b5faf4
"What platforms can I use Guarda Wallet on, and what does non-custodial mean?",84b5faf4
What is the relationship between Gwei and Ether?,fec38278
How is Gwei used in the Ethereum network?,fec38278
How much is one Gwei worth in Ether?,fec38278
What does Halving mean in the context of cryptocurrency?,2a273ff9
How often does the Halving event occur in cryptocurrency networks?,2a273ff9
Why is Halving implemented in Bitcoin and what is its purpose?,2a273ff9
What happens to the existing cryptocurrency when a hard fork occurs?,f717398f
How does a hard fork create two separate blockchains?,f717398f
What can cause disagreements in the community that lead to a hard fork?,f717398f
What is the primary function of a hardware wallet in the context of cryptocurrency?,cd8c3321
How does a hardware wallet enhance security for cryptocurrency transactions?,cd8c3321
Why should I use a hardware wallet instead of storing my keys online?,cd8c3321
What does Harvest Finance do for its users in terms of yield farming?,14e5c38e
How does Harvest Finance maximize returns on users' investments?,14e5c38e
What is the role of the FARM token in the Harvest Finance platform?,14e5c38e
What does hashrate indicate in a Proof of Work blockchain?,4ecb36b5
How does a higher hashrate contribute to network security?,4ecb36b5
What is the relationship between hashrate and the speed of solving cryptographic puzzles?,4ecb36b5
What is the primary purpose of the Helium network in relation to IoT devices?,8900be75
How can individuals earn HNT tokens through the Helium network?,8900be75
What technology underpins the Helium network for providing connectivity?,8900be75
What does the term HODL mean in the context of cryptocurrencies?,993edd79
Why do investors choose to HODL their cryptocurrency investments?,993edd79
How did HODL originate as a term in the cryptocurrency community?,993edd79
What is a hot wallet in the context of cryptocurrencies?,a4925328
How does a hot wallet facilitate transactions?,a4925328
Why is a hot wallet considered more vulnerable than cold storage?,a4925328
What is the main purpose of Huobi Token (HT) within the Huobi cryptocurrency exchange?,5d0c3109
How does holding Huobi Token (HT) benefit users in terms of trading fees?,5d0c3109
What type of blockchain does Huobi Token (HT) operate on?,5d0c3109
What is Hyperledger Fabric and who is it designed for?,7c03bf13
How does Hyperledger Fabric differ from public blockchains regarding access control?,7c03bf13
What are smart contracts in Hyperledger Fabric called and what industries can benefit from it?,7c03bf13
What type of game is Illuvium and on which blockchain is it built?,7d1f2081
"Can players earn rewards in Illuvium, and if so, what is the currency used for those rewards?",7d1f2081
What activities can players engage in to interact with Illuvials in Illuvium?,7d1f2081
What is meant by 'impermanent loss' in a liquidity pool?,4df48dd2
How does impermanent loss affect liquidity providers in decentralized finance?,4df48dd2
In what circumstances can impermanent loss become significant for asset values?,4df48dd2
What types of cryptocurrencies can be managed with Infinity Wallet?,90ff9511
How does Infinity Wallet ensure user privacy and data security?,90ff9511
Is Infinity Wallet compatible with both desktop and mobile devices?,90ff9511
What is the primary purpose of an Initial Coin Offering (ICO) in the cryptocurrency space?,944e47e5
How do participants benefit from investing in an ICO?,944e47e5
What do new cryptocurrency projects typically offer in exchange for capital during an ICO?,944e47e5
What is the purpose of InstaDApp in the DeFi space?,3a4e7d53
How does InstaDApp simplify the management of DeFi strategies?,3a4e7d53
Which DeFi platforms are integrated into InstaDApp for user convenience?,3a4e7d53
What is the primary function of an interoperability bridge in blockchain technology?,62d4ee44
How does an interoperability bridge enhance decentralized applications across various blockchain networks?,62d4ee44
What benefits does cross-chain interaction provide when using an interoperability bridge?,62d4ee44
What is the main purpose of the InterPlanetary File System (IPFS)?,3334a5c9
How does IPFS ensure data storage and sharing among users?,3334a5c9
What advantages does IPFS offer over traditional centralized storage systems?,3334a5c9
What types of cryptocurrencies can KeepKey store securely?,3010e4bd
How does KeepKey protect private keys from internet exposure?,3010e4bd
"Can I trade cryptocurrencies directly through KeepKey, and how does it ensure security during trades?",3010e4bd
What is the role of Layer 0 in supporting multiple blockchains?,c4fe8318
How does Layer 0 contribute to scalability and security in blockchain technology?,c4fe8318
What components are included in the Layer 0 infrastructure?,c4fe8318
What is the primary function of a Layer 1 blockchain in the context of network operations?,97da07fe
Can you give me examples of popular Layer 1 blockchains and their use cases?,97da07fe
How do scaling solutions and smart contracts relate to Layer 1 blockchains?,97da07fe
What are some examples of Layer 2 solutions in blockchain technology?,9da13c7c
How does Layer 2 improve the effectiveness of a Layer 1 blockchain?,9da13c7c
In what way do Layer 2 protocols reduce congestion on the main blockchain?,9da13c7c
What role do Layer 3 protocols play in enhancing blockchain scalability?,d602161f
How do Layer 3 protocols improve decentralized applications?,d602161f
In what ways do Layer 3 protocols address high transaction costs?,d602161f
What does layered security aim to protect against in systems and data?,9a4b625f
How does layered security enhance overall protection compared to single security measures?,9a4b625f
What are some examples of security techniques that might be combined in layered security?,9a4b625f
What are the primary features that make Ledger Nano hardware wallets secure for storing cryptocurrencies?,37ad5593
How does Ledger Nano protect private keys from online threats?,37ad5593
In what way does Ledger Nano facilitate the management of digital assets for users?,37ad5593
What does the Lightning Network do to enhance Bitcoin transactions?,967fd79b
How does the Lightning Network help reduce transaction fees?,967fd79b
In what way does the Lightning Network maintain Bitcoin's security while allowing off-chain transactions?,967fd79b
What is the main purpose of Lightning Payment in the Bitcoin ecosystem?,0ac53aaa
How does the Lightning Network facilitate quick transactions compared to the main blockchain?,0ac53aaa
What advantages do off-chain payment channels provide in terms of transaction costs?,0ac53aaa
What is a limit order in trading terms?,3f08f44d
How does a limit order help traders avoid slippage?,3f08f44d
Is there a guarantee that a limit order will be executed?,3f08f44d
What is the primary feature of liquid democracy in terms of voting?,4ddf4b1c
How does liquid democracy enhance decision-making in blockchain governance?,4ddf4b1c
Can voters choose to delegate their voting power in a liquid democracy system?,4ddf4b1c
What is the main purpose of liquidity mining in decentralized finance?,9f466f03
How do participants benefit from liquidity mining in terms of rewards?,9f466f03
What do participants need to contribute to engage in liquidity mining activities?,9f466f03
What is a liquidity pool and what purpose does it serve in decentralized exchanges?,b266dc45
How do users benefit from providing assets to a liquidity pool?,b266dc45
What do users earn by contributing to a liquidity pool in terms of transaction fees or rewards?,b266dc45
Who created Litecoin and in which year?,d4a28f52
What is the difference in block generation times between Litecoin and Bitcoin?,d4a28f52
"What hashing algorithm does Litecoin use, and how does it affect transactions?",d4a28f52
What is the main function of a Mainnet in a cryptocurrency project?,447ec275
How does a Mainnet differ from testnets and development versions?,447ec275
What does it mean when a blockchain project has a fully operational Mainnet?,447ec275
What role do MKR holders play in the governance of the MakerDAO protocol?,b581ffd4
How does the value of MKR differ from the DAI stablecoin?,b581ffd4
What can MKR holders vote on regarding the Maker ecosystem?,b581ffd4
What is the role of MKR token holders in Maker Governance?,44d59ad3
How does Maker Governance ensure the stability of the DAI stablecoin?,44d59ad3
What types of decisions can be voted on within the Maker Governance process?,44d59ad3
What is MakerDAO and how does it operate within the Ethereum blockchain?,c6969fb4
How does MakerDAO enable users to generate DAI using collateral?,c6969fb4
Why is MakerDAO considered important in the context of decentralized finance (DeFi)?,c6969fb4
What is a man-in-the-middle attack in the context of cryptocurrency transactions?,2089d7b5
How can a malicious actor exploit a man-in-the-middle attack during communication with an exchange?,2089d7b5
What types of sensitive information are at risk during a man-in-the-middle attack?,2089d7b5
What is the basic concept of margin trading in cryptocurrencies?,580a18b1
How does margin trading affect potential profits and losses for traders?,580a18b1
What do traders typically use as collateral when engaging in margin trading with exchanges?,580a18b1
What role does a market maker play in providing liquidity to financial markets?,0446970f
How do market makers profit from their activities in trading assets?,0446970f
In what ways do market makers contribute to the stability of asset prices?,0446970f
What is the main purpose of creating a meme coin?,c7775f58
How do meme coins often gain popularity despite their lack of utility?,c7775f58
What role does community engagement play in the value of meme coins?,c7775f58
What is the main purpose of a Merkle proof in blockchain technology?,755b78dc
How does a Merkle proof contribute to data verification without exposing the full dataset?,755b78dc
In which blockchain systems are Merkle proofs commonly utilized for enhancing security and scalability?,755b78dc
What is the purpose of a Merkle tree in blockchain technology?,4c191d5d
How does a Merkle tree organize transactions?,4c191d5d
What do the leaf nodes and parent nodes represent in a Merkle tree?,4c191d5d
What is MetaMask and how does it function as a wallet?,086b6afd
Can I use MetaMask to manage ERC-20 tokens?,086b6afd
How does MetaMask ensure the security of my private keys?,086b6afd
What is the Metaverse and how is it created?,5c32a97c
What types of activities can users engage in within the Metaverse?,5c32a97c
How does blockchain technology play a role in the Metaverse?,5c32a97c
What is the primary purpose of a MEV bot in blockchain networks?,b6062870
How does a MEV bot maximize profit from transaction fees?,b6062870
What opportunities do MEV bots exploit in trading?,b6062870
What is the main function of an MEV Relay in the context of cryptocurrency transactions?,0e745580
How does an MEV Relay contribute to the optimization of transaction ordering for miners or validators?,0e745580
In what ways does an MEV Relay promote fairer extraction of Miner Extractable Value opportunities?,0e745580
What is the definition of Miner Extractable Value (MEV)?,56cebfea
How do miners or validators use MEV to their advantage?,56cebfea
What are some examples of opportunities associated with MEV?,56cebfea
What does minting mean in the context of NFTs?,692c8699
Can you explain how minting creates a unique token on the blockchain?,692c8699
What role does minting play in the ownership of digital content?,692c8699
What is the function of Mirror Protocol in decentralized finance?,c73e3eb2
How does Mirror Protocol allow users to trade without holding real assets?,c73e3eb2
On which blockchain does Mirror Protocol operate and what types of assets does it create?,c73e3eb2
What are the key features that make Monero prioritize privacy and anonymity?,48149380
What techniques does Monero use to ensure transaction details are obscured?,48149380
Why is Monero preferred by individuals seeking confidential financial transactions?,48149380
What does it mean when a project is described as multi-chain?,961deaed
How does multi-chain improve performance for blockchain applications?,961deaed
Can you explain the benefits of using multiple blockchains within a single ecosystem?,961deaed
What is the main function of multisig in cryptocurrency transactions?,90c964f1
How does multisig improve security for managing digital assets?,90c964f1
Why is it important to have multiple private keys in a multisig setup?,90c964f1
What type of game is My Neighbor Alice and what can players do in it?,24697a1f
How are in-game assets represented in My Neighbor Alice?,24697a1f
What role does the ALICE token play in the game's economy?,24697a1f
What features does MyEtherWallet (MEW) offer for managing Ethereum and tokens?,3f15a8cf
How does MyEtherWallet ensure user control over their private keys?,3f15a8cf
"Is MyEtherWallet a free service, and what type of interface does it provide for Ethereum interactions?",3f15a8cf
What is the primary purpose of the NetVRk platform in the context of virtual reality?,af198e54
How does NetVRk utilize NFTs within its metaverse environment?,af198e54
What role does the NTVRK token play in transactions and governance on the NetVRk platform?,af198e54
What happens to transaction fees during network congestion?,9ae8ad9a
How does network congestion affect transaction efficiency?,9ae8ad9a
What causes a blockchain network to experience congestion?,9ae8ad9a
What does NFT fractionalization mean in the context of digital assets?,59cd3865
How does NFT fractionalization make it easier for investors to participate in high-value NFTs?,59cd3865
Where can fractionalized NFTs be traded after their ownership is divided?,59cd3865
What is an NFT marketplace and what does it allow users to do?,39a76367
What types of digital assets can be found in an NFT marketplace?,39a76367
Are there specific features commonly found in NFT marketplaces for transactions?,39a76367
What does it mean to have control of private keys in a non-custodial wallet?,1aaf2990
How does a non-custodial wallet differ from a custodial wallet?,1aaf2990
What are the benefits of using a non-custodial wallet for my cryptocurrency?,1aaf2990
What makes a Non-fungible Token different from other tokens?,2b96816d
How is ownership of an NFT verified?,2b96816d
Can NFTs be divided into smaller parts for trading?,2b96816d
What is the main purpose of Ocean Protocol in relation to data providers?,3c5382ae
How does Ocean Protocol facilitate the trading of data assets?,3c5382ae
What role does the OCEAN token play within the Ocean Protocol ecosystem?,3c5382ae
What is the process involved in off-chain governance for blockchain networks?,b310128f
How does off-chain governance impact a blockchain's development and policies?,b310128f
In what ways can decisions be made outside of the blockchain network for off-chain governance?,b310128f
What is the process for making decisions in on-chain governance?,b5303e70
How does on-chain governance allow stakeholders to influence a blockchain's development?,b5303e70
What role do voting mechanisms play in on-chain governance?,b5303e70
What types of non-fungible tokens can I find on OpenSea?,2936a17c
How does OpenSea handle transactions for digital art and collectibles?,2936a17c
Can creators earn royalties when their NFTs are sold on OpenSea?,2936a17c
What is the main function of optimistic rollups in relation to blockchains?,c01ff69e
How do optimistic rollups handle the verification of transactions?,c01ff69e
In what ways do optimistic rollups improve scalability and reduce costs for decentralized applications?,c01ff69e
What role do Oracles play in connecting smart contracts with real-world data?,389c0801
How do Oracles impact decentralized applications and their functionality?,389c0801
Why are Oracles important for decentralized finance (DeFi) systems?,389c0801
What does order book depth indicate about market liquidity?,03c2374b
How does a deep order book affect price slippage during trading?,03c2374b
Can you explain the role of buy and sell orders in understanding order book depth?,03c2374b
What blockchain is PancakeSwap built on?,be48671d
How does PancakeSwap compare to Uniswap in terms of transaction fees?,be48671d
What type of tokens does PancakeSwap support for trading and yield farming?,be48671d
What is a paper wallet and how does it store cryptocurrency information?,dddb99c7
How does a paper wallet offer security compared to other storage methods?,dddb99c7
What precautions should I take to protect my paper wallet from damage or loss?,dddb99c7
What is the purpose of a participation reward in decentralized governance?,9ffdfa19
How do token holders benefit from participating in governance activities?,9ffdfa19
In what form are rewards typically given to users who engage in voting?,9ffdfa19
What are perpetual contracts and how do they compare to traditional futures contracts?,ee11e9a3
How long can a trader hold a position in a perpetual contract before it expires?,ee11e9a3
What is the funding rate mechanism associated with perpetual contracts and why is it important?,ee11e9a3
What is the main blockchain that Phantom Wallet is designed for?,f6650b15
What features does Phantom Wallet offer for managing Solana-based assets?,f6650b15
Is Phantom Wallet user-friendly for managing digital assets?,f6650b15
What kind of sensitive information do phishing attacks try to obtain from users?,d2dbbfe0
How do phishing attacks typically present themselves in the cryptocurrency space?,d2dbbfe0
What are some common methods used in phishing attacks to deceive users?,d2dbbfe0
What is the purpose of a Plasma chain in the context of Ethereum?,855eda4e
How does a Plasma chain help improve transaction throughput?,855eda4e
What is the relationship between Plasma chains and the main blockchain?,855eda4e
What are the primary benefits of engaging in Play-to-Earn games?,1e9f8e22
How does the gameplay in Play-to-Earn differ from conventional video games?,1e9f8e22
What types of rewards can players expect to earn in a Play-to-Earn gaming model?,1e9f8e22
What is Polkadot and how does it function as a multi-chain blockchain platform?,791e80c7
Who created Polkadot and what were the main issues it aims to address in blockchain technology?,791e80c7
How does Polkadot enable different blockchains to share information and support decentralized applications?,791e80c7
What is Polygon and how does it relate to Ethereum?,49649cce
In what ways does Polygon improve transaction efficiency compared to Ethereum?,49649cce
"Why is Polygon favored for decentralized applications, particularly in gaming and DeFi?",49649cce
What is the main purpose of a privacy coin in the cryptocurrency market?,0dda9371
How do privacy coins ensure transaction details remain hidden from external parties?,0dda9371
What cryptographic techniques are commonly used by privacy coins to enhance anonymity?,0dda9371
What is the primary function of trusted nodes in the Proof of Authority consensus mechanism?,c537dc2d
How does Proof of Authority differ from Proof of Work and Proof of Stake?,c537dc2d
What factors are considered in Proof of Authority for validating transactions?,c537dc2d
What does it mean to 'burn' tokens in the context of Proof of Burn?,1e9cb92e
How does Proof of Burn provide rewards to participants?,1e9cb92e
What are the advantages of using Proof of Burn over Proof of Work?,1e9cb92e
What is the primary resource used in the Proof of Capacity mining process?,5887fea9
How does the amount of storage space affect the likelihood of mining new blocks in Proof of Capacity?,5887fea9
In what way does Proof of Capacity differ from Proof of Work regarding energy efficiency?,5887fea9
What is the role of random waiting periods in the PoET consensus algorithm?,ef7489f1
How does a participant win the right to create a block in the PoET system?,ef7489f1
Can you explain how PoET determines who adds a block to the blockchain?,ef7489f1
What is the main purpose of Proof of History in blockchain technology?,3398bb07
How does Proof of History improve transaction ordering on a blockchain?,3398bb07
What role do timestamps and cryptographic proofs play in Proof of History?,3398bb07
How does the amount of cryptocurrency held influence the selection of validators in Proof of Stake?,3c2a599d
What are the benefits of Proof of Stake compared to Proof of Work in terms of energy consumption?,3c2a599d
In what way does Proof of Stake encourage validators to behave in the best interests of the network?,3c2a599d
What is the primary purpose of Proof of Storage in blockchain technology?,dc96c569
How does Proof of Storage ensure data remains secure and accessible?,dc96c569
In what type of networks is Proof of Storage commonly used?,dc96c569
What is the main purpose of the Proof of Work algorithm in blockchain?,753aee0d
How do miners use Proof of Work to create new blocks?,753aee0d
Why is significant computational power required in Proof of Work?,753aee0d
What does proposal threshold mean in decentralized governance?,08b35fc0
How does proposal threshold prevent spam proposals?,08b35fc0
Why is voting power important for submitting proposals?,08b35fc0
What is a protocol upgrade in the context of blockchain technology?,281ea7b2
How do changes in a blockchain's protocol enhance its functionality?,281ea7b2
What are the differences between a hard fork and a soft fork regarding protocol upgrades?,281ea7b2
How does quadratic voting allow participants to express their preferences in a voting system?,c6319dd9
What is the significance of the quadratic cost structure in quadratic voting?,c6319dd9
In what way does quadratic voting contribute to balanced decision-making in decentralized governance?,c6319dd9
What is the main purpose of Quant in the blockchain space?,9427ccc8
How does the Quant Overledger platform enhance cross-chain applications?,9427ccc8
What role does the QNT token play in the Overledger operating system?,9427ccc8
What is Ransomware and how does it operate?,bbb61681
Why do attackers prefer cryptocurrency for Ransomware payments?,bbb61681
What are the potential impacts of a Ransomware attack on individuals and businesses?,bbb61681
What is Rarible and how does it relate to NFTs?,8fe0564c
How does Rarible enable artists to earn from their digital work?,8fe0564c
In which blockchain does Rarible operate for its marketplace activities?,8fe0564c
What does the term 'Rebase' mean in the context of cryptocurrencies?,dd4a43c6
How does the mechanism of 'Rebase' affect the total supply of tokens?,dd4a43c6
Why would a cryptocurrency use 'Rebase' to adjust token amounts for users?,dd4a43c6
What is a reentrancy attack in the context of smart contracts?,55eeaa5e
How can a reentrancy attack lead to financial losses for users?,55eeaa5e
What measures can be taken to prevent reentrancy attacks during smart contract development?,55eeaa5e
What is a replay attack and how does it affect blockchain transactions?,83e05e9a
Can a replay attack lead to unauthorized asset transfers?,83e05e9a
How can security measures prevent replay attacks after a hard fork?,83e05e9a
What is the main purpose of a rollup aggregator in blockchain technology?,a64584f5
How does a rollup aggregator improve transaction efficiency?,a64584f5
In what way does a rollup aggregator impact transaction fees and scalability?,a64584f5
What are rollups and how do they work in blockchain technology?,011efbc0
How do rollups improve scalability for transactions on the blockchain?,011efbc0
In what way do rollups maintain security while processing transactions off-chain?,011efbc0
What is a rug pull in the context of DeFi?,45455459
How do developers execute a rug pull scam?,45455459
What happens to investors during a rug pull?,45455459
What constitutes a rugged project in the cryptocurrency space?,d5fe59bc
How do developers typically behave in a rugged project scenario?,d5fe59bc
What are the potential outcomes for investors involved in a rugged project?,d5fe59bc
What type of cryptocurrencies can I manage with SafePal Wallet?,c9779ba5
How does SafePal ensure the security of my cryptocurrency?,c9779ba5
What does it mean that SafePal is a non-custodial wallet?,c9779ba5
What is The Sandbox and how is it related to the Ethereum blockchain?,83aef45f
How does The Sandbox enable users to monetize their virtual assets?,83aef45f
What kind of tools does The Sandbox provide for creating virtual worlds?,83aef45f
Who is Satoshi Nakamoto and what is significant about their contribution to digital currency?,dc2537a5
In what year did Satoshi Nakamoto introduce the concept of blockchain technology?,dc2537a5
What major financial revolution is attributed to Satoshi Nakamoto's creation?,dc2537a5
What is Sharding in the context of blockchain technology?,7785900b
How does Sharding improve efficiency and throughput for decentralized applications?,7785900b
In what way does Sharding help reduce congestion on the main blockchain?,7785900b
What is Shiba Inu and how does it relate to Dogecoin?,7376c79f
What tokens are included in the Shiba Inu ecosystem?,7376c79f
What platform is associated with Shiba Inu for trading and exchanging?,7376c79f
What is a sidechain in blockchain technology?,0251e510
How do sidechains help with scaling transactions?,0251e510
Can sidechains run different consensus models without impacting the main chain?,0251e510
What are slashing conditions in the context of blockchain technology?,8c6c5183
What types of misbehavior can lead to slashing conditions for validators?,8c6c5183
How do slashing conditions contribute to the overall security of a blockchain network?,8c6c5183
What causes slippage during a trade execution?,57f08290
How does market volatility affect slippage in trading?,57f08290
In what situations is slippage more likely to occur?,57f08290
What is the main function of a smart contract in blockchain networks?,3c48f0e3
How do smart contracts contribute to automating transactions without intermediaries?,3c48f0e3
In which industries can smart contracts be utilized effectively?,3c48f0e3
What does a smart contract vulnerability refer to in the context of smart contracts?,be88f59b
How can a flaw in a smart contract's code impact financial safety?,be88f59b
Why is it important to conduct thorough code audits for smart contracts?,be88f59b
What is the purpose of snapshot voting in decentralized governance?,48a78d78
How do token holders participate in snapshot voting?,48a78d78
Which projects commonly utilize snapshot voting?,48a78d78
What is the primary goal of social engineering in the context of cryptocurrency?,e253a1d6
How do attackers typically impersonate trusted sources in social engineering schemes?,e253a1d6
What types of confidential information are commonly targeted by social engineering attacks in the crypto space?,e253a1d6
What is a soft fork in the context of blockchain technology?,1a7f35ff
How does a soft fork allow for protocol changes without creating separate chains?,1a7f35ff
Can older nodes still operate effectively after a soft fork is implemented?,1a7f35ff
What is a software wallet and how does it function in managing cryptocurrencies?,34b3ed41
Are there specific devices where a software wallet can be installed for accessibility?,34b3ed41
What are the security risks associated with using a software wallet compared to hardware wallets?,34b3ed41
What makes Solana a suitable choice for developers creating decentralized applications?,2acfda39
Can you explain the consensus mechanisms that Solana uses and how they contribute to its performance?,2acfda39
"What areas within the cryptocurrency space is Solana particularly popular in, and why?",2acfda39
What is the primary purpose of Solidity in the context of blockchain technology?,b8be6391
Which programming languages have influenced the development of Solidity?,b8be6391
How does Solidity contribute to the creation of decentralized applications on Ethereum?,b8be6391
What features does Somnium Space offer for building virtual environments?,0cd34e6e
How can users monetize their creations in Somnium Space?,0cd34e6e
What role do NFTs and the CUBE token play in Somnium Space?,0cd34e6e
What does stable yield mean in the context of DeFi?,d9baa644
How do stable yield products provide consistent returns?,d9baa644
Why are stable yield investments considered to minimize volatility?,d9baa644
What are stablecoins and what purpose do they serve in the cryptocurrency market?,f30231c7
How do stablecoins achieve price stability compared to other cryptocurrencies?,f30231c7
Could you give examples of popular stablecoins and their pegged assets?,f30231c7
What does it mean to lock up cryptocurrency in a network for staking?,e05e7de6
How do participants benefit from staking in terms of rewards?,e05e7de6
What are the primary functions that staking supports within a blockchain network?,e05e7de6
What is the purpose of a staking pool in cryptocurrency?,25f71960
How do participants benefit from joining a staking pool?,25f71960
How are rewards distributed among members of a staking pool?,25f71960
What type of game is Star Atlas and what is its primary setting?,8a71d4bc
How do players interact within Star Atlas and what activities can they participate in?,8a71d4bc
What are the names of the tokens that support the economy in Star Atlas?,8a71d4bc
What is a state channel in the context of blockchain technology?,7b83baa3
How does a state channel help in reducing fees for transactions?,7b83baa3
In what scenarios are state channels particularly beneficial for users?,7b83baa3
What is the primary purpose of the Stellar network?,f40e301e
How does Lumens (XLM) function in cross-border payments?,f40e301e
Who is the target audience for Stellar's financial services?,f40e301e
What does a stop-loss order do when a specific price point is reached?,db8cb4b0
How does a stop-loss order help in managing trading risk?,db8cb4b0
What happens to a stop-loss order after the stop price is hit?,db8cb4b0
What is SushiSwap and how does it facilitate trading cryptocurrencies?,fda837d6
Can you explain what liquidity provision and yield farming mean in the context of SushiSwap?,fda837d6
"What unique features does SushiSwap offer compared to its predecessor, Uniswap?",fda837d6
What is a Sybil attack in the context of decentralized networks?,0eb84837
How does a Sybil attack affect consensus mechanisms?,0eb84837
What are the potential consequences of a Sybil attack on network security?,0eb84837
What is a synthetic asset in the context of decentralized finance?,24ebf19e
How do synthetic assets allow trading without owning the actual asset?,24ebf19e
What role do smart contracts play in the creation of synthetic assets?,24ebf19e
What are synthetic assets in the context of Synthetix?,0c74f347
How do users participate in trading on the Synthetix platform?,0c74f347
What role do SNX tokens play in the Synthetix ecosystem?,0c74f347
What are the main benefits of the Taproot upgrade for Bitcoin transactions?,764a6d54
How does Taproot improve the functionality of smart contracts on the Bitcoin network?,764a6d54
In what way does Taproot affect data storage on the Bitcoin blockchain?,764a6d54
What is the main purpose of the Terra platform in the cryptocurrency space?,766be370
How does Terra maintain the value of its stablecoins like TerraUSD (UST)?,766be370
What types of applications and services does Terra support within its ecosystem?,766be370
What is the primary purpose of a testnet in blockchain?,f3e282e0
How does a testnet differ from a mainnet?,f3e282e0
Why is it important for developers to use a testnet before deploying on the mainnet?,f3e282e0
What unique feature does Tezos have that involves its token holders?,41405ea1
Can you explain how Tezos manages upgrades to its protocol?,41405ea1
What is the main purpose of the XTZ token in the Tezos ecosystem?,41405ea1
What are Tezos smart contracts and where are they deployed?,ecfeb178
Which programming languages are used to develop Tezos smart contracts?,ecfeb178
How do Tezos smart contracts ensure they can be updated over time?,ecfeb178
What are the main activities users can engage in within The Sandbox platform?,92f98edf
How do users utilize the SAND token in The Sandbox virtual world?,92f98edf
In what ways can players monetize their creations in The Sandbox?,92f98edf
What is the primary purpose of the Theta Network?,b9df7b4e
How can viewers benefit from participating in the Theta Network?,b9df7b4e
What is the role of the THETA token in the Theta Network ecosystem?,b9df7b4e
What is the purpose of the ThorChain protocol in the cryptocurrency space?,5d7fb5ac
How does ThorChain allow for trading assets across different blockchains?,5d7fb5ac
What role does the RUNE token play in the functionality of ThorChain?,5d7fb5ac
What does timestamping in blockchain help to prove?,30901c73
How does timestamping contribute to the security of transactions?,30901c73
Why is it important for timestamping to maintain transparency and immutability?,30901c73
What does it mean to permanently remove a cryptocurrency from circulation?,a23b5e2c
How does token burn affect the total supply of a cryptocurrency?,a23b5e2c
In what way can token burn potentially increase the value of remaining tokens?,a23b5e2c
What does tokenomics encompass in relation to cryptocurrency?,f58b466d
How does the supply and distribution affect a token's value in tokenomics?,f58b466d
What are the principles that govern a token's behavior within its ecosystem?,f58b466d
What is the purpose of the transaction pool in cryptocurrency networks?,761c22c3
How do nodes decide which transactions to include from the transaction pool?,761c22c3
What other name is the transaction pool commonly known as?,761c22c3
What is the primary function of a Treasury DAO in a blockchain community?,2dbe25c7
How does a Treasury DAO ensure transparency in fund management?,2dbe25c7
In what way do members participate in the decision-making process of a Treasury DAO?,2dbe25c7
What makes Trezor a secure option for storing cryptocurrencies?,2430227e
How does Trezor protect private keys from online threats?,2430227e
Can Trezor store multiple types of cryptocurrencies?,2430227e
What is the purpose of the Tron blockchain platform?,9fccc278
How does Tron ensure fast and scalable transactions?,9fccc278
In what ways can TRX be utilized within the Tron network?,9fccc278
What types of cryptocurrencies can I manage using Trust Wallet?,e560504b
Does Trust Wallet offer any features for decentralized exchanges?,e560504b
How does Trust Wallet ensure the security of my private keys?,e560504b
What is the primary function of the Ultra gaming platform?,696e86e4
How does the UOS token benefit users in terms of interactions with games and digital assets?,696e86e4
What advantages do developers gain from using the Ultra platform compared to traditional gaming distribution methods?,696e86e4
What is an uncle block in the context of blockchain technology?,2dc2c92a
"Why do uncle blocks, or orphan blocks, occur in a blockchain?",2dc2c92a
How do uncle blocks contribute to network security and fairness in mining?,2dc2c92a
What is Uniswap and how does it function as a decentralized exchange?,f4bb078d
How does Uniswap utilize smart contracts to manage trades and pricing?,f4bb078d
What role do liquidity pools play in the trading process on Uniswap?,f4bb078d
What does UTXO stand for and what is its role in cryptocurrency transactions?,1a92abab
How do UTXOs contribute to maintaining security and transparency in the blockchain?,1a92abab
In what way are UTXOs used as inputs for new transactions in Bitcoin?,1a92abab
What role does a validator play in a blockchain network?,b7ef478b
How are validators selected in Proof of Stake systems?,b7ef478b
What rewards do validators receive for their responsibilities in the blockchain?,b7ef478b
What is the primary focus of VeChain as a blockchain platform?,a08f762c
How does VeChain utilize smart contracts in its operations?,a08f762c
What roles do VET and VTHO play within the VeChain ecosystem?,a08f762c
What is the purpose of vote delegation in decentralized governance?,28c7d4a5
How can smaller token holders influence decision-making through vote delegation?,28c7d4a5
Who do token holders typically delegate their voting power to in vote delegation?,28c7d4a5
What is the primary function of the PYR token within the Vulcan Forged ecosystem?,9521b967
How can players earn rewards on the Vulcan Forged platform?,9521b967
What types of activities can be performed with digital assets in the Vulcan Forged universe?,9521b967
What are the main advantages of using Vyper for Ethereum smart contracts?,f82b6015
Why might developers prefer Vyper over Solidity when writing smart contracts?,f82b6015
In what types of applications is Vyper becoming more popular for use?,f82b6015
What is the main purpose of a cryptocurrency wallet?,4c143832
What are the differences between hot wallets and cold wallets?,4c143832
How do wallets help in managing digital assets?,4c143832
What is the purpose of WASM in blockchain ecosystems?,b268b220
How does WASM enhance the performance of smart contracts?,b268b220
In which types of programming languages can developers write for WASM?,b268b220
What is a web wallet and how do I access it?,161cccc5
What are the advantages of using a web wallet for my cryptocurrencies?,161cccc5
Why are web wallets considered vulnerable to hacking and phishing attacks?,161cccc5
What is a wrapped asset in the context of blockchain technology?,955d1cf5
How does a wrapped asset improve interoperability between different blockchains?,955d1cf5
In what ways can a wrapped asset be utilized within decentralized applications or protocols?,955d1cf5
What is the relationship between Wrapped Bitcoin and Bitcoin in terms of value representation?,4219fe16
How does Wrapped Bitcoin enable Bitcoin holders to use decentralized applications?,4219fe16
"What type of token is Wrapped Bitcoin, and on which blockchain is it found?",4219fe16
What does Wrapped BNB represent on the Binance Smart Chain?,afee8c9a
How does Wrapped BNB enhance the utility of BNB?,afee8c9a
In what scenarios can I use Wrapped BNB on the BSC network?,afee8c9a
What is Wrapped Ether and how does it relate to Ether?,7c21231d
Why do people use Wrapped Ether instead of regular Ether?,7c21231d
How does wrapping ETH help with decentralized applications on the Ethereum network?,7c21231d
What is Wrapped Litecoin (WLTC) and how does it relate to Litecoin (LTC)?,ace43eee
On which networks can Wrapped Litecoin (WLTC) be used for decentralized finance applications?,ace43eee
How does Wrapped Litecoin (WLTC) enhance the functionality of Litecoin beyond its original blockchain?,ace43eee
What is Wrapped Luna (WLUNA) and how does it relate to Terras Luna (LUNA)?,e14eab04
In what ways does Wrapped Luna enhance the usability of LUNA on other blockchain networks?,e14eab04
How does Wrapped Luna contribute to the interoperability of LUNA in decentralized applications?,e14eab04
What is Wrapped SOL and how does it relate to Solana?,8af380a1
How does Wrapped SOL enable its use in decentralized applications on different blockchains?,8af380a1
In what ways does Wrapped SOL expand the utility of Solana beyond its own blockchain?,8af380a1
What does Wrapped Staked Ether (stETH) represent in the Ethereum ecosystem?,674f88dd
How does stETH help stakers maintain liquidity while their ETH is staked?,674f88dd
In what way can staked ETH interact with DeFi applications through stETH?,674f88dd
What is a wrapped token and how does it function across different blockchains?,bd36e414
How does wrapping a cryptocurrency improve interoperability between networks?,bd36e414
In what scenarios can wrapped tokens be utilized within decentralized applications or liquidity pools?,bd36e414
What is Wrapped XRP (WXRP) and how does it relate to Ripple's XRP?,881d0e67
In which blockchain networks can Wrapped XRP (WXRP) be utilized?,881d0e67
How does Wrapped XRP (WXRP) enhance the use of XRP in decentralized finance applications?,881d0e67
What is Wrapped ZCash and how does it relate to ZCash?,bdb239d0
On which blockchain networks can Wrapped ZCash operate?,bdb239d0
How does Wrapped ZCash enhance the utility of ZCash in decentralized applications?,bdb239d0
What is XRP primarily used for in international transactions?,b6e3b28e
How does XRP achieve its transaction processing without proof-of-work or proof-of-stake?,b6e3b28e
Which company developed the digital currency XRP?,b6e3b28e
What is the primary function of Yearn.Finance in the DeFi space?,1129e8f7
How does YFI facilitate governance within the Yearn.Finance platform?,1129e8f7
In what way does Yearn.Finance enhance the yield for users' crypto assets?,1129e8f7
What is the primary function of a yield aggregator in decentralized finance?,9b8c2d00
How does a yield aggregator optimize returns for its users?,9b8c2d00
In what ways does a yield aggregator allocate funds across DeFi protocols?,9b8c2d00
What does it mean to provide liquidity in yield farming?,a4f3294a
How do users earn returns through yield farming?,a4f3294a
What are the typical rewards users receive in yield farming?,a4f3294a
What is the primary focus of Zcash as a cryptocurrency?,b77467c7
How do shielded transactions in Zcash improve privacy?,b77467c7
What cryptographic technique does Zcash use for optional privacy?,b77467c7
What is the main purpose of a zero-knowledge proof in the context of blockchain transactions?,a30021c2
How does a zero-knowledge proof ensure privacy without revealing the actual information?,a30021c2
Can you explain how one party can prove information validity to another using a zero-knowledge proof?,a30021c2
What are zk-Rollups and how do they function in blockchain technology?,12d6485e
How do zero-knowledge proofs contribute to the effectiveness of zk-Rollups?,12d6485e
In what ways do zk-Rollups enhance scalability and reduce fees on Ethereum?,12d6485e
What does zk-SNARK stand for and how does it function?,26b78c47
How does zk-SNARK improve privacy in transactions on the blockchain?,26b78c47
In what ways does zk-SNARK contribute to the scalability of blockchain networks?,26b78c47
What is zkSync and how does it relate to Ethereum's scalability?,970cb970
Can you explain how zkSync maintains security and decentralization while processing transactions off-chain?,970cb970
How does zkSync achieve low-cost transactions compared to the Ethereum mainnet?,970cb970
